rank,id,name,cat,city,total,tier,status,confidence,url,rating,reviews,afford,gap,value,brand,roi,visibility,volume,assets,competition,affordability_evidence,risks,concept,sources
1,sv017,"G&C Auto Body","Auto body & collision",San Jose,95.7,"S — immediate outreach","Only social-media presence","verified across two or more directories",,4.8,1922,10,10,10,9,10,8,10,9,8,"Collision and refinish work runs $1.5K-$12K per vehicle with insurance payers | Real booth and facility capital plus multi-platform marketing already in place | Already maintains Instagram and YouTube channels: demonstrated marketing willingness and budget","Insurance referral flows dilute direct brand demand | Historic negatives must be framed honestly, never buried","Premium refinish-shop brand: dark steel, candy-apple accent, wet-paint gradient reveals, an owned review archive with schema, and an insurance-ready photo intake.",
2,sv024,"Chapel of Flowers Funeral Home","Funeral home",San Jose,85.7,"S — immediate outreach","Broken / inactive website","verified against a live source","http://chapelofflowersfuneral.com",3.9,62,9,10,9,9,9,7,7,6,5,"Local funeral arrangements commonly run $7K-$15K; pre-planning is a lifetime-value product | A century of operation and a chapel building | Obituary traffic is a durable, high-volume search channel they currently capture nowhere","Sensitive category: no growth-hacking tone, no aggressive prompts | Legacy domain and registrations must be renewed and transferred carefully","Heritage civic obituary archive. Restraint-first: a serif nameplate, a searchable tribute index, and a two-step arrangement path (call, then details). Slow fades only - nothing that performs grief.",
3,sv034,"BT Properties","Property management",Mountain View,85.2,"S — immediate outreach","Extremely outdated or basic website","verified against a live source","http://btproperties.com",3,181,10,8,10,7,9,7,9,6,8,"Management companies bill a percentage of rent across thousands of units | Real compliance and licensing records to publish | Reputation repair at this scale is a funded, recurring engagement","181 public reviews at 3.0 means copy must be operational, never aspirational | Owner approval chains slow launches: ship in phases","Corporate-but-crafted: a dual-door site for owners and residents, ledger tables, SLA transparency, a portfolio map, and a documentation library. Institutional typography, restrained motion.",
4,sv037,"Elegant Jewelers","Jewelry",San Jose,85.2,"S — immediate outreach","Third-party directory page instead of a website","verified against a live source","http://elegantjewelersca.jewelershowcase.com",4.8,189,8,10,9,9,9,6,8,7,7,"Restoration and custom projects run $1K-$25K with high-margin inventory | Twenty-eight years in a owned or long-leased Willow Glen location | Already paying a vendor for a template page: a rebuild is a substitution, not a new cost","Jewelry search is dominated by national retail: content depth is essential | Security and privacy: never publish home-delivery or vault detail","Luxe-dark bench editorial: near-black ground, macro photography, an engraved serif display face, and a repair-process chapter structure. Motion is light and slow; no sparkle gimmicks.",
5,sv005,"EJ Painting Inc.","Painting & finishing",Menlo Park,84.7,"S — immediate outreach","No website","verified across two or more directories",,5,37,8,10,9,8,9,7,7,9,6,"Hillsborough/Woodside exterior repaints are $25K–$90K contracts | Two crews implied by 24-hour availability language and photo volume | 135 + 29 photos of real Peninsula houses = free content library | 100% response rate: high close-rate business that needs a top-of-funnel","Owner-led, so content must be self-serve simple | Business name collides with many ""EJ Painting"" results — SEO naming help needed","Architectural monograph feel: generous white, big photo plates with caption notes about substrate and prep.",
6,sv007,"Steel Werx","Metal fabrication",Santa Clara,84.1,"S — immediate outreach","Extremely outdated or basic website","verified against a live source","http://www.steelwerx.com/",4.7,86,8,9,10,8,9,7,7,8,7,"Commercial signage and railing contracts are $5K–$150K | B2B + B2C mix needs two funnels — a site, not a page | 62–63 photos and 86 reviews already exist as content | Instagram + Tumblr history shows willingness to market","Owner (Pawl W.) is the brand — needs a person-led structure | Yahoo email signals informality to architects","Fabrication-floor brutalism: 12-column blueprint grid, process ledger, capability matrix with tolerances, ""send a STEP/PDF"" intake.",
7,sv022,"Trio School of Music, Dance & Languages","Private school",Sunnyvale,83.8,"S — immediate outreach","No website","verified across two or more directories",,,47,8,10,10,8,9,6,7,5,7,"Multi-instructor private school with real payroll and a six-day schedule | Tuition for music and language instruction is durable household spend | Two decades of operating history","Owner or volunteer admin: content must be trivially maintainable | Department breadth means information architecture work, not just design","Conservatory information architecture: program finder by discipline and age, faculty pages, term calendar, recital gallery, enrolment funnel. Serif warmth with modern structure.",
8,sv035,"DG Floor Coverings Inc.","Flooring",Redwood City,82.3,"S — immediate outreach","Broken / inactive website","verified against a live source","http://dgfloorcoverings.com",,29,8,10,9,8,9,6,6,7,6,"Whole-house flooring projects run $15K-$80K with showroom-driven upsell | A leased Redwood City showroom with three generations of inventory | Editorial features elsewhere prove the product story sells","Domain and hosting hygiene is urgent (temp-domain serving, typos) | Owner-run: the design must survive no maintenance for a year","Showroom-as-library: material cards with grain photography, a species and finish comparison tool, sample-request flow, and a project index. Warm paper, wood-texture rules, honest error-free chrome.",
9,sv006,"American Heritage Construction","General contractor",Redwood City,81.8,"A — strong fit","Third-party directory page instead of a website","verified against a live source","http://american-heritage-construction.business.site",5,2,9,10,10,7,9,5,4,4,8,"Wine cellar and theater builds are six-figure scopes | Atherton/Portola Valley referral work requires credibility assets | D&B profile confirms a real, registered corporation with a named principal (Jack A Lewis) | Already accepted for Yelp Guaranteed/Birdeye tooling — spends on visibility","Only 2 public reviews — needs a review-generation programme alongside the site | Gmail contact will hurt conversion; needs a domain mailbox (site project can bundle this)","Concrete-and-oak presentation: heavy numerals, plan-line rules, a real project index with scope, duration and build year.",
10,sv013,"Robert M. Potts Landscape Design & Construction","Landscape design-build",Los Altos,81.8,"A — strong fit","Broken / inactive website","verified against a live source","http://www.pottslandscape.com/",5,3,9,10,10,9,9,4,3,3,7,"Los Altos design-build projects run $80K–$400K | A firm claiming a 1945 lineage has a broken URL as its only web presence | Houzz profile with one project entry: nothing working for them | Old-money referral clientele needs a polished front door to justify premium fees","Aged principal — must be a ""we update it for you"" engagement | Low digital literacy: keep scope tight and self-updating minimal","Botanical drawing-plate system: plan-line illustrations, archival ""since 1945"" ribbon, project plates with elevation details, slow parallax.",
11,sv032,"Hong Kong Restaurant","Chinese restaurant",Palo Alto,80.9,"A — strong fit","Extremely outdated or basic website","verified against a live source","http://hongkongrestauranpl.com",,455,7,9,9,7,9,7,9,9,6,"A full-service restaurant with banquet capability and a leased Palo Alto building | Established 2000 with substantial daily covers | Already listed on ordering platforms: they pay for distribution","Restaurant margins cap the budget; scope must be a booking and menu engine, not a brand film | Kitchen-led updates: the menu page must be editable in minutes","Menu-forward restaurant site: a proper bilingual-feeling type hierarchy, dish index with real photography, banquet package table, and reservation routing. Warm paper tones, vermilion accents, no app-store chrome.",
12,sv038,"Navarro's Jewelry","Jewelry",San Jose,80.6,"A — strong fit","No website","verified across two or more directories",,5,32,7,10,9,8,9,6,7,5,7,"Custom design tickets $2K-$30K; decades of accumulated inventory relationships | Long-established downtown retail tenancy | Same-day service implies bench capacity that a booking flow would multiply","Owner-operated: content and photo capture need a service, not advice | Two jewelry shops in this database must not look alike: differentiate hard","Downtown warm-luxe: brass on deep blue, big photography, a service-window module built around same-day promise, and a design enquiry that feels like walking in.",
13,sv033,"Granada Inn","Independent hotel",Santa Clara,80.1,"A — strong fit","Third-party directory page instead of a website","verified across two or more directories",,2,55,7,10,10,6,9,6,7,5,8,"Room revenue plus weekly stays: real cash flow and OTA commissions bleeding it | Independent ownership means decisions happen in one conversation | Direct-booking site pays back on commission alone","Reputation debt: a launch must be paired with review-response workflow | Property condition unknown: photography budget is mandatory, not optional","Honest motor-booking site: retro inn signage typography, day/night hero pair, room cards with real photography, a direct-booking value bar and an events calendar. Zero false luxury claims.",
14,sv021,"KM2A Martial Arts & After School","Youth education",Sunnyvale,80,"A — strong fit","Extremely outdated or basic website","single source — audit pending","http://km2a.net",,36,8,9,10,7,9,6,6,5,7,"Recurring after-school tuition: hundreds of dollars per child per month | Three decades operating with a facility lease and real payroll | Seasonal enrolment peaks make a funnel the highest-leverage investment","Owner-run school: content must be maintainable by a non-technical administrator | Contact data thin in captured listings - verify before pitching","Parent-first enrolment site: a visual daily timeline, licensing and safety transparency, program cards by grade band, and a real enrolment form. Warm, structured, never cartoonish.",
15,sv028,"Jocelyne J Kim Lew, A Professional Corp","Immigration law",Santa Clara,79.8,"A — strong fit","No website","verified across two or more directories",,,,9,10,9,7,9,5,3,4,8,"Corporate immigration matters run $5K-$50K; the spend ceiling is not the question | Four decades of high-tech clientele and a Santa Clara office | Employer clients decide by website credibility and written expertise","No public proof base on own domain: reviews must be gathered | Legal content needs compliance review before publication","Professional-services long-read site: a strategy library, timeline visuals (priority dates as an axis), and a case-review intake that segments employer vs individual.",
16,sv036,"San Jose Signs","Signage & wraps",San Jose,79.7,"A — strong fit","No website","verified across two or more directories",,,22,8,10,9,7,9,5,5,8,5,"Storefront sign packages run $5K-$60K, wraps $3K-$25K | Own fabrication equipment and a shop lease | Permit and city-approval expertise is a differentiator nobody publishes","Trade customers often buy by phone: keep the funnel short | Photos are customer-owned on a platform: licensing must be cleared","Shop-floor brutalist: big industrial type, an installed-work mosaic lit by a night toggle, permit and material spec tables, and a measurement upload flow. Motion: hard-cut reveals, no shimmer.",
17,sv008,"Amcal Roofing Inc.","Roofing",Sunnyvale,79.3,"A — strong fit","No website","single source — audit pending",,,11,8,10,10,6,9,5,4,6,7,"Roof replacements in Santa Clara County: $12K–$40K per house | 26+ years in business with a photo archive | Commercial flat-roof work adds contract size","11 public reviews needs a review engine, not just a site | Phone is a San Francisco area code for a Sunnyvale firm — needs consistency work","Weathered-material system: layered roof-section diagrams, a ""what your roof is telling you"" diagnostic module, before/after plate grid.",
18,sv009,"Danny Fencing","Fencing & gates",San Jose,79.3,"A — strong fit","No website","verified across two or more directories",,5,33,7,10,9,7,9,6,6,7,6,"Full redwood fence lines locally run $8K–$35K | 10-year workmanship warranty: rare, and monetisable | 59 photos of finished work, unpublished professionally","Single-owner brand — needs succession of content to a manager | Two listings with conflicting addresses","Build-detail site: exploded post/drawing SVG diagrams, material spec table, ""how we differ"" comparison, per-linear-foot estimator.",
19,sv020,"The Contenders Gym","Boxing gym",Santa Clara,78.5,"A — strong fit","No website","verified across two or more directories",,,23,6,10,9,9,9,5,5,6,7,"Membership revenue recurs: a real roster at $120-$200 per month | Twenty years of operation and a fight team | A program, not a drop-in: a site with plans and a first-week offer sells itself","Gym budgets are thinner than contractor budgets - pitch it as a membership-acquisition engine | Coach-run: content updates only happen if maintenance is effortless","Fight-poster typography: condensed caps, canvas texture, a round-by-round scroll structure, membership table, first-week CTA.",
20,sv001,"Bay Rooter & Plumbing","Plumbing",Milpitas,78.2,"A — strong fit","No website","verified against a live source",,4.8,82,7,10,9,7,8,6,7,6,6,"Open 13 hours daily, 7 days a week — dispatch operation, not a one-truck shop | Water heater and repipe tickets run $1,800–$12,000 in the Bay Area | Recurring home-warranty vendor work implies steady volume | 82 Yelp reviews at 4.8 is a top-quartile local reputation","No brand assets found (logo, photos) — build from scratch | Yelp is their only owned surface; platform risk if reviews dip","Dispatch-console utility design: a live ""on call"" status bar, service-area chips, and price-range honesty. Type-forward, no stock-photo plumbing.",
21,sv043,"Christina Pahl Interiors","Interior design",Palo Alto,78.2,"A — strong fit","Extremely outdated or basic website","verified against a live source","http://christinapahlinteriors.com",,,9,9,9,8,8,5,2,6,8,"Design fees on residential projects locally run 10-20 percent of furnishing spend | Office of nine areas served implies sustained project flow | A design firm understands the value of a good website: easier sale, higher standard","Extremely high design bar: a mediocre site is worse than the template they have | Portfolio usage rights for photographed projects must be cleared","Gallery-quiet portfolio site: large image fields with thin captions, a services-and-fee structure page, a project index by type, and an enquiry form that asks about scope and timeline. Very little motion; excellent typography.",
22,sv030,"Altos Building Maintenance","Facilities services",Santa Clara,77.8,"A — strong fit","Extremely outdated or basic website","verified against a live source","http://altosmaint.com",3,2,9,9,10,6,9,5,1,6,8,"Recurring commercial contracts: multi-year, five-figure annual values | Facility ownership since 1989 plus a specialised service stack | Already produces award collateral - proof they invest in marketing","B2B buyers need compliance language: content must be accurate and verifiable | Two reviews: do not build a review-led design","Facilities-ops documentation aesthetic: dark navy and teal, tabulated scope sheets, an SLA matrix, and a site-walk request flow that behaves like an RFP response.",
23,sv046,"HM Fence","Fencing & decks",Los Altos,77.5,"A — strong fit","No website","single source — audit pending",,5,61,7,10,9,6,9,5,8,5,6,"Fence and deck projects $6K-$60K with repeatable scope | Verified licence badge already earned | Ten-plus years of reviews at 5.0 is a licence to print a proper site","Small crew: capacity, not demand, is the constraint - qualify leads in the form | Address not published in captured listings - confirm before outreach","Review-forward service site: the 61-quote archive as the primary visual, a fence-type configurator (style, grade, height, gates) that outputs an estimate band, and a material guide. Warm, honest, no gloss.",
24,sv015,"Total Landscape","Landscaping",Santa Clara,77.5,"A — strong fit","No website","single source — audit pending",,4.7,79,8,9,9,7,8,6,7,5,6,"Full yard rebuilds locally run $40K-$180K | 79 reviews at 4.7 is a strong proof base to license onto a site | Winning nine-bid contests means they close on substance, which a site amplifies","Phone number not published in the listings captured — confirm before outreach and before any tel: link ships. | No phone published in the captured listings: intake must be form-led | A generic name needs deep content to rank at all","Field-notes layout: numbered diagnostic cards, section drawings, and a credibility module listing what the firm advised against.",
25,sv041,"Tick Tock Shop","Watch & clock restoration",Santa Clara,77.1,"A — strong fit","No website","single source — audit pending",,,,7,10,9,9,9,5,3,5,4,"Restoration and servicing for collector pieces runs high-margin; mantel clock work reaches four figures | Five decades of continuity, real tooling and brand authorisations | Collectors search by expertise keywords, which a content site can own","Aged owner-operator: hand-holding required on content and photography | No published reviews: proof must come from credentials, not stars","Horological luxe-dark: an escapement-inspired hairline motif, seconds-ring progress indicators instead of scroll bars, macro movement photography, and a service-tier table. Motion: single sweeping seconds hand, reduced-motion aware.",
26,sv039,"Custom Framing & World of Sports Memorabilia","Custom framing & collectibles",San Jose,76.6,"A — strong fit","Extremely outdated or basic website","single source — audit pending","http://worldofsportsmemorabilia.com",4.4,53,7,9,9,8,8,5,7,7,5,"Museum framing projects $200-$3,000; collector cases reach five figures | Inventory-backed retail plus service business: two revenue engines | Thirty-six years downtown with a known name in collector circles","Collectibles carry authentication liability: publish their process, not guarantees | Dual brand needs IA decisions before pixels","Archive and vitrine layout: dark museum walls, object-in-case photography, a mounting-method selector by object type, and a materials spec table. Restrained motion, precise captions.",
27,sv040,"Wood & Windows","Cabinetry & millwork",Sunnyvale,75.3,"A — strong fit","No website","single source — audit pending",,,,8,10,10,6,9,4,2,4,5,"Refacing and custom casework run $8K-$45K per project | Half a century in a shop building on a Tasman Drive industrial block | Commercial casework means drawing-based clients who expect spec sheets","Fifty-year owner-operator: minimal appetite for content, design must be self-maintaining | No digital proof base: photography must be commissioned","Fabrication spec-site: shop-drawing motifs, a refacing-versus-remodel comparison with cost and timeline bands, process photos of spray finishing, and an estimate request that asks for cabinet dimensions.",
28,sv047,"Techwood Decks","Decks & outdoor structures",Belmont,75.1,"A — strong fit","No website","single source — audit pending",,4.9,31,7,10,9,6,8,5,6,5,6,"Deck builds locally run $20K-$90K; replacements include structural scope | Own shop on Old County Road implies tooling and inventory | Permit-ready drawings are a premium differentiator they do not explain anywhere","Contact details thin in the captured listing - confirm before outreach | Material supply volatility affects any pricing content","Plan-view identity: site-plan line drawings that morph into photographs on scroll, structural callouts, material life-cycle table, and a project-start form that asks for existing-deck photos.",
29,sv004,"RMB Plumbing Services","Plumbing",San Jose,75,"A — strong fit","No website","verified across two or more directories",,4.9,33,6,10,9,6,9,5,6,5,7,"Round-the-clock crews imply overhead and dispatch depth | 4.9 average across all reviews | Higher ticket than average because after-hours calls command premium rates","Residential repair mix can skew small-ticket | No brand assets online beyond 42 photos","Dark-mode emergency site optimised for 2am thumb use: huge call target, one-line scope, no carousels.",
30,sv045,"CB Concrete Construction","Concrete & hardscape",Los Gatos,74.9,"A — strong fit","No website","single source — audit pending",,4.1,119,8,9,9,5,8,5,8,5,6,"Structural concrete and wall projects run $15K-$150K on these lots | 119 reviews at 4.1 is a proof base most competitors cannot match | Specifying work from architects and GCs rewards technical content","No phone or address published in the listings captured — confirm both before outreach or schema markup. | Ratings vary: do not build the site around review display alone | Permit-heavy work means claims must be careful and current","Formwork geometry: board-formed textures, control-joint rules as dividers, pour-sequence photography with numbered captions, and a heavy display grotesque. Motion: horizontal board-mask reveals.",
31,sv025,"Cross Estate Planning Law","Estate planning law",Cupertino,74.6,"A — strong fit","Extremely outdated or basic website","verified against a live source","http://crossestateplanning.com",4.8,46,8,8,8,7,8,6,7,5,7,"Estate plans locally bill $3K-$8K with recurring admin fees | Forty-six reviews at 4.8 with zero content marketing | Attorney-led practices routinely fund $10K-$25K web rebuilds","Solo practitioner: time, not money, is the constraint | Legal copy must be reviewed for state-bar advertising rules","Legal editorial: serif measure, long-form explainer column, a process rail that tracks drafting to funding, and a plan-review intake. Replaces brochure with reasoning.",
32,sv010,"R F Construction","General contractor",San Jose,74.5,"A — strong fit","No website","single source — audit pending",,,,7,10,9,6,8,4,3,8,7,"Whole-house remodel scopes locally start around $120K | Multiple trades under one roof = high ticket and high margin | 131 photos available to licence immediately","Thin public reviews: needs a testimonial/permission programme | Business name (""R F Construction"") is hard to rank — recommend brand-name page structure","Jobsite documentation system: sequence timeline, permit-step tracker mock, photo index by phase.",
33,sv026,"Law Offices of David S. Park","Estate planning law",Santa Clara,74.4,"A — strong fit","No website","single source — audit pending",,5,37,7,10,9,6,8,4,7,3,7,"Trust packages locally run $3K-$9K plus administration | 37 reviews at 5.0 is a rare, licensable proof asset | Office tenancy on Hamilton Ave implies established practice","Phone number not published in the listings captured — confirm before outreach and before any tel: link ships. | Zero web footprint means no brand assets to reuse | Bilingual positioning needs native review before launch","Quiet print-led legal identity: hairline rules, numbered practice notes, and a two-column plain-language guide with a print stylesheet. Motion limited to line masks.",
34,sv042,"Anthony & Julie's Quality Upholstery & Fabrics","Upholstery",Los Altos,73.9,"A — strong fit","No website","verified across two or more directories",,,,7,10,9,8,8,4,3,5,4,"Fine reupholstery runs $1.5K-$12K per piece with whole-room projects | A owned or long-held Los Altos workroom building since 1988 | Designers specify shops with a lookable website: this excludes them today","Owner-operated: photography must be done for them, not by them | Craft claims need their approval before publication","Workroom luxe: deep neutrals, macro craft photography, a fabric-and-trim library, and a pickup-scheduling form that asks for piece type and dimensions. Slow, tactile motion only.",
35,sv050,"The Goldsmith","Jewelry repair & engraving",Palo Alto,73.2,"A — strong fit","No website","single source — audit pending",,,,7,10,8,8,8,5,2,4,6,"Emerson Street retail rents imply serious revenue | Repair and restoration tickets $150-$2,500 with high-margin estate work | Designers and estate attorneys refer bench shops that present professionally","A walk-in business may undervalue online reach: sell on referrals and design credibility | Do not invent history or credentials for the shop","Hallmark identity: engraved didone display type, hairline borders, a hallmark-strip motif, and honest service-and-turnaround tables. No gradients, no sparkles; macro photography only.",
36,sv002,"A.B.E. Plumbing Sewer & Drain","Plumbing",Milpitas,72.8,"A — strong fit","No website","verified across two or more directories",,4.2,43,6,10,9,6,8,5,6,4,6,"Sewer/repipe jobs are $2,500–$15,000 in Santa Clara County | 43 reviews over a decade of listings implies sustained flow | Zero web presence means 100% of the funnel is currently unowned","Unclaimed listing — must reach the owner offline | Lower rating (4.2) means review strategy matters as much as design","Diagnostic-screen aesthetic: an inspection-report motif, monospaced findings, before/after camera stills.",
37,sv029,"Milpitas Electric","Electrical contractor",Milpitas,72.8,"A — strong fit","Extremely outdated or basic website","verified against a live source","http://milpitaselectricinc.com",,0,9,8,10,5,9,4,1,5,7,"Commercial TI contracts are six to seven figures | Bid and award happen on websites and reference lists | CSLB licence #520067 and a 2007 founding give real credentials to publish","Zero public review volume: build the case from projects instead | Owner-run estimating: content workflow must be near-zero effort","B2B spec-sheet system: numbered capability blocks, project cards with scope and duration, submittal-style data sheets, and a bid-request form that asks for drawings. Grid discipline over flash.",
38,sv018,"TLS Automotive Electrical","Auto repair",Fremont,72.1,"A — strong fit","No website","verified against a live source",,5,34,6,10,9,7,8,4,5,4,5,"Diagnostic labour bills at premium rates with little parts dependency | Contracted interlock installs add recurring commercial volume | 5.0 across 34 Google reviews","Small shop: keep scope to five pages and one funnel | Directory data only - name, address and phone build-out is part of the project","Oscilloscope visual language: dark garage UI, animated signal-trace lines, symptom-first intake, transparent diagnostic fee.",
39,sv016,"Ramos Landscaping","Landscaping",Sunnyvale,71.8,"B — qualified","No website","single source — audit pending",,4.5,87,6,9,8,6,8,6,7,6,6,"Conversion projects typically $15K-$60K plus rebate navigation | 87 reviews is a durable social-proof asset | Photo volume in listings shows steady crew activity","No phone published in captured sources - confirm before outreach | Portfolio taste varies; curation needed for a premium read","Water-budget visualisation: plant-palette library, savings figures, before/after wipes, rebate explainer.",
40,sv048,"Rodino Piano Tuning, Sales & Rentals","Piano service & retail",Santa Clara,71.1,"B — qualified","No website","single source — audit pending",,,,7,10,9,7,8,4,2,4,3,"Rebuilds run $5K-$30K and inventory units $3K-$40K | Rentals create recurring revenue that a site can automate | Fifty years of operation with a physical showroom","Owner may see phone business as sufficient; ROI framing must lead | Trade photos of instruments and showroom needed before design","Concert-programme typography: a serif masthead, an inventory index with condition notes, a service-and-price table for tuning intervals, and a rental enquiry flow. Motion: curtain-reveal on section entry only.",
41,sv027,"The Law Offices of Richard J Hess","Estate planning law",Saratoga,70.9,"B — qualified","Extremely outdated or basic website","verified against a live source","http://californiatrusts.com",4.3,29,8,8,8,6,8,5,5,4,7,"Hillside estates in Saratoga mean real assets to protect and fees to match | Twenty-plus years in practice with an established referral base | Already pays for a domain it does not use properly","Estate plans for high-value property require careful, compliant copy | Old domain likely holds authority: 301 strategy matters","Letterpress-on-screen identity: a small masthead, a long process page, and real document design (numbered clauses, marginal notes). Very restrained motion.",
42,sv049,"A-2-Z Granite Fabrication","Stone fabrication",San Jose,70.7,"B — qualified","No website","single source — audit pending",,,,7,10,9,5,8,4,2,5,6,"Kitchen stone packages run $4K-$20K with whole-home multipliers | A fabrication shop with polishing and CNC capability is real capital | Install-led businesses close on turnaround, which a site can promise and measure","Stone sourcing claims must be verifiable | Review base must be built; expect a slow start on reputation","Slab-rack layout: dark ground with photographic swatch fields, an edge-profile selector, a lead-time panel, and a templating request form. Motion: polished-stone shine sweep, reduced-motion aware.",
43,sv003,"Aqua Fresh Plumbing","Plumbing",Milpitas,70.3,"B — qualified","Extremely outdated or basic website","verified across two or more directories","http://aquafreshplumbing.com",4.3,78,6,8,8,6,8,6,7,7,6,"Seven-day operation with remodel rough-in work | 78 Yelp reviews and 19 photos are real content assets | BuildZoom top-15% score is a credibility asset nobody is using | Licensed C-36 plumbing contractor with 20 years of permits on file","Manta models revenue near $438K — a $10K site must be framed as a remodel-pipeline investment | Existing domain may still rank; needs 301 strategy","Clean trades-brochure replacement with a remodel-partner section aimed at GCs, plus a visible ""we work Sundays"" bar.",
44,sv023,"Dentistry for Children & Adults Too","Dental",Milpitas,70,"B — qualified","Extremely outdated or basic website","single source — audit pending","http://dentistryforchildrenmilpitas.com",,,8,7,8,7,8,5,4,5,7,"Four decades of practice ownership: equipment capital and a referral base | Family dentistry lifetime value spans siblings and grandchildren | A thirty-character legacy domain tells you the marketing was never owned","Medical claims need review before publishing; no testimonials without consent | Practice may run an incumbent patient-management portal that must be integrated, not replaced","Clinical-calm editorial: a long-form first-visit explainer as the hero, generous whitespace, no stock dentistry, and an appointment flow that asks about anxiety and sensory needs.",
45,sv044,"Macias Stoneworks","Masonry",San Jose,69.7,"B — qualified","No website","single source — audit pending",,,,7,10,9,5,8,4,2,4,5,"Veneer and wall projects run $8K-$80K in this market | Crew and equipment operation since roughly 2000 | Masonry buyers decide on photographs, which they have not published anywhere","Trade owners rarely write: content must be captured on site | Licence and insurance details not captured - verify before publishing","Masonry-as-architecture: coursing-grid layout, section-drawing illustrations of wall build-ups, a materials index (ledge, stacked, thin veneer), and a project gallery with job notes. Motion: block-by-block reveal, reduced-motion aware.",
46,sv011,"Joe's Concrete","Concrete",San Jose,68.8,"B — qualified","Extremely outdated or basic website","verified across two or more directories","https://joesconcrete.com",,22,7,7,8,7,8,5,5,6,6,"Stamped driveways $8K–$25K; structural/commercial pads scale fast | 45 years of operation with 90 photos | Yelp Guaranteed eligibility indicates account spend","Needs an SEO-consistent NAP record first | Owner-operated: keep CMS extremely simple","Formwork-inspired layout: hard rectangles, stencil numerals, spec blocks (psi, thickness, rebar, finish) and a pour-season note.",
47,sv019,"Fremont Auto Repair","Auto repair",Fremont,67.3,"B — qualified","No website","single source — audit pending",,2.8,86,6,9,9,4,7,5,7,4,5,"Regulatory inspection work has steady, non-discretionary local demand | Operating since 1995 with shop equipment and state approvals | Owner already replies publicly to enquiries, showing willingness to manage reputation","Public rating risk: the engagement must include a review workflow, not only a site | Address and phone not published in the captured listing - data hygiene first","Accountability-first shop site: policy cards, a shop-status panel, appointment request flow, and a review-recovery module.",
48,sv014,"New Life Tree Service","Tree care",Santa Clara,67,"B — qualified","No website","verified across two or more directories",,4.1,15,6,10,8,5,7,4,4,4,6,"Large redwood and oak removals run $3K-$15K each | Repeat decade-long customers indicate stable, referral-driven demand | Service-verification work already done on the profile","Unclaimed listing: reaching the owner is the first hurdle | 15 reviews is too small for a proof-led design; lead with method instead","Vertical canopy layout: oversized numerals, a rigging-diagram hero, and a scheduling-first funnel that repairs their single weak spot.",
49,sv012,"Lipscomb Concrete","Concrete",San Jose,64.8,"B — qualified","Extremely outdated or basic website","verified across two or more directories","http://lipscombconcrete.net",,,6,8,8,7,7,4,3,5,5,"Cast countertops $4K–$15K; structural jobs larger | Nearly four decades operating, .net-era web presence | Owner (Joe L.) does consultations personally — high close potential with good intake","Possible one-man operation — verify crew size | No review engine; site must collect first-party proof","Cast-concrete material study: soft-edge plates, subtle relief shadows, a specimen library of finishes and mixes.",
50,sv031,"SkyBlue Pool Supply & Service","Pool service & retail",Los Gatos,63,"B — qualified","Extremely outdated or basic website","verified against a live source","http://skybluepool.com",4.6,40,6,6,7,7,7,5,6,7,5,"Sixty-plus years of trading, a lease and a retail operation | Service-route revenue is recurring and highly defensible | Existing willingness to pay for web work (2025 rebuild)","Budget ceiling: scope a focused commerce or booking add-on, not a full brand programme | Retail inventory systems may not integrate cleanly","Retro pool-supply merchandising: 1960s sign lettering, waterline tile grid, a service-plan picker, and a water-test explainer with a simple chemical chart. Commerce-light but product-aware.",
